x,y_true,noise,y_observed,group,absolute_error,squared_error
0.0,18.0,0.027354213802547336,18.027354213802546,low,0.027354213802546212,0.0007482530127554097
0.20202020202020202,18.07070707070707,1.0877980322479694,19.15850510295504,low,1.0877980322479708,1.1833045589625573
0.40404040404040403,18.141414141414142,0.979776862868746,19.12119100428289,low,0.9797768628687464,0.9599627010129224
0.6060606060606061,18.21212121212121,-0.408245661430134,17.803875550691078,low,0.40824566143013286,0.16666452007652666
0.8080808080808081,18.282828282828284,-0.23837560888515769,18.044452673943127,low,0.23837560888515696,0.05682293091136932
1.0101010101010102,18.353535353535353,-0.4219073544267402,17.931627999108613,low,0.42190735442673954,0.1780058157193704
1.2121212121212122,18.424242424242426,0.4557810860575681,18.880023510299992,low,0.4557810860575664,0.20773639840781474
1.4141414141414141,18.494949494949495,-0.04485155123649408,18.450097943713,low,0.0448515512364942,0.0020116616483198645
1.6161616161616161,18.565656565656564,0.5975084930052351,19.1631650586618,low,0.5975084930052361,0.3570163992133883
1.8181818181818181,18.636363636363637,-1.4778598391792876,17.15850379718435,low,1.4778598391792883,2.184069704259032
2.0202020202020203,18.707070707070706,1.2532390197596166,21.848747184428497,low,3.141676477357791,9.870131088383259
2.2222222222222223,18.77777777777778,-0.07714572812449644,21.848747184428497,low,3.0709694066507183,9.430853096584665
2.4242424242424243,18.848484848484848,0.544302762619317,21.848747184428497,low,3.000262335943649,9.001574084482042
2.6262626262626263,18.91919191919192,-0.1092530671814622,18.809938852010458,low,0.10925306718146288,0.011936232688557242
2.8282828282828283,18.98989898989899,-0.30327885365988266,18.686620136239107,low,0.30327885365988294,0.09197806307725269
3.0303030303030303,19.060606060606062,0.3704881268780694,19.43109418748413,low,0.37048812687806887,0.13726145215762006
3.2323232323232323,19.13131313131313,0.6596108220240904,19.79092395333722,low,0.6596108220240886,0.4350864365312939
3.4343434343434343,19.2020202020202,-0.16202389655476124,19.03999630546544,low,0.16202389655476068,0.02625174305478779
3.6363636363636362,19.272727272727273,-0.12222894285615767,19.150498329871116,low,0.12222894285615737,0.014939914471733784
3.8383838383838382,19.343434343434343,0.5485588886474064,19.89199323208175,low,0.5485588886474062,0.3009168543140774
4.040404040404041,19.414141414141415,-0.696272513557737,18.717868900583678,low,0.6962725135577372,0.4847954131360094
4.242424242424242,19.484848484848484,-1.2115068029851166,18.273341681863368,low,1.2115068029851166,1.467748733679218
4.444444444444445,19.555555555555557,0.315985490199624,19.87154104575518,low,0.31598549019962263,0.09984683001669581
4.646464646464646,19.626262626262626,-0.5364526589503036,19.089809967312323,low,0.5364526589503029,0.28778145529485
4.848484848484849,19.696969696969695,-1.536272472094423,18.16069722487527,low,1.5362724720944243,2.3601331085151136
5.05050505050505,19.767676767676768,-0.6512429311562876,19.116433836520482,low,0.6512429311562862,0.4241173553810313
5.252525252525253,19.838383838383837,-0.3740780471141976,19.46430579126964,low,0.374078047114196,0.13993438533277064
5.454545454545454,19.90909090909091,-0.954561981945809,18.954528927145102,low,0.9545619819458082,0.9111885773763095
5.656565656565657,19.97979797979798,-1.193971107250427,18.785826872547553,low,1.1939711072504267,1.4255670049488098
5.858585858585858,20.050505050505052,0.02931026155584407,20.079815312060894,low,0.029310261555842487,0.0008590914324718981
6.0606060606060606,20.12121212121212,0.7177994053821981,20.83901152659432,low,0.7177994053821983,0.5152359863670375
6.262626262626262,20.19191919191919,-0.1865056623683655,20.005413529550825,low,0.18650566236836497,0.03478436209546255
6.4646464646464645,20.262626262626263,-0.5948768236070759,19.667749439019186,low,0.5948768236070769,0.35387843526484536
6.666666666666667,20.333333333333332,0.30799504699832664,20.641328380331657,low,0.30799504699832525,0.09486094897550058
6.8686868686868685,20.404040404040405,0.5737886457555071,20.97782904979591,medium,0.5737886457555064,0.329233409997938
7.070707070707071,20.474747474747474,-0.2400084787907819,20.234738995956693,medium,0.2400084787907808,0.057604069891464674
7.2727272727272725,20.545454545454547,0.4357342463367143,20.98118879179126,medium,0.43573424633671465,0.18986433343062473
7.474747474747475,20.616161616161616,0.8343003812663631,21.45046199742798,medium,0.8343003812663632,0.696057126181199
7.6767676767676765,20.686868686868685,-0.1655651489666592,20.521303537902025,medium,0.1655651489666603,0.02741181855235242
7.878787878787879,20.757575757575758,-0.6508124335852579,20.1067633239905,medium,0.6508124335852585,0.42355682370916653
8.080808080808081,20.828282828282827,0.2781204788124076,21.106403307095235,medium,0.27812047881240787,0.07735100073484301
8.282828282828282,20.8989898989899,0.19803659277027805,21.09702649176018,medium,0.19803659277027919,0.039218492076061394
8.484848484848484,20.96969696969697,0.8790502147315268,21.848747184428497,medium,0.879050214731528,0.7727292800195454
8.686868686868687,21.04040404040404,-1.027664623044276,20.012739417359764,medium,1.0276646230442772,1.0560945774567363
8.88888888888889,21.11111111111111,-0.5292903442844382,20.581820766826674,medium,0.529290344284437,0.28014826855273783
9.09090909090909,21.18181818181818,-0.6705335685725397,20.51128461324564,medium,0.6705335685725409,0.44961526658262635
9.292929292929292,21.252525252525253,-1.3872118769862813,19.86531337553897,medium,1.3872118769862816,1.9243567916518023
9.494949494949495,21.32323232323232,0.10114764415759697,21.424379967389918,medium,0.1011476441575958,0.010230845918631624
9.696969696969697,21.393939393939394,0.4222433699964192,21.816182763935814,medium,0.4222433699964192,0.17828946350593297
9.8989898989899,21.464646464646464,-0.5910320251806452,20.87361443946582,medium,0.5910320251806453,0.349318854789135
10.1010101010101,21.535353535353536,1.108517659596927,22.643871194950464,medium,1.1085176595969273,1.2288114016382492
10.303030303030303,21.606060606060606,0.6575394693283483,22.263600075388954,medium,0.6575394693283485,0.4323581537246062
10.505050505050505,21.676767676767675,0.5019011830684282,22.178668859836105,medium,0.5019011830684299,0.2519047975654896
10.707070707070708,21.747474747474747,0.3213656731527759,22.068840420627524,medium,0.3213656731527763,0.10327589588093705
10.909090909090908,21.818181818181817,0.7645356515589081,22.582717469740725,medium,0.7645356515589086,0.5845147625046049
11.11111111111111,21.88888888888889,-1.0655838716344819,20.82330501725441,medium,1.0655838716344803,1.1354689874875286
11.313131313131313,21.95959595959596,0.4911437265998915,22.45073968619585,medium,0.4911437265998906,0.24122216017842807
11.515151515151516,22.03030303030303,0.48222146682675837,22.51252449712979,medium,0.4822214668267577,0.2325375430685498
11.717171717171716,22.1010101010101,-1.41417486171438,20.68683523929572,medium,1.414174861714379,1.999890539504883
11.919191919191919,22.17171717171717,0.2776240816435038,22.44934125336067,medium,0.27762408164350205,0.07707513070839789
12.121212121212121,22.242424242424242,-0.20033707736797474,22.042087165056266,medium,0.20033707736797624,0.0401349445683425
12.323232323232324,22.313131313131315,0.6252181568493596,22.938349469980675,medium,0.6252181568493604,0.39089774365411145
12.525252525252524,22.383838383838384,-0.3512497501101349,22.03258863372825,medium,0.35124975011013504,0.1233763869524323
12.727272727272727,22.454545454545453,-0.014592686119280267,22.439952768426174,medium,0.014592686119279108,0.00021294648817580115
12.929292929292929,22.525252525252526,0.2742812138541244,22.79953373910665,medium,0.27428121385412396,0.07523018427329169
13.131313131313131,22.595959595959595,-0.7010093509953662,21.894950244964228,medium,0.701009350995367,0.4914141101829456
13.333333333333334,22.666666666666668,0.47887731854430754,23.145543985210974,medium,0.47887731854430626,0.22932348621618498
13.535353535353535,22.737373737373737,-0.08397055081893459,22.6534031865548,high,0.08397055081893612,0.007051053404835533
13.737373737373737,22.80808080808081,0.3939860989433943,23.202066907024204,high,0.39398609894339387,0.15522504616063373
13.93939393939394,22.87878787878788,-0.41747000506943027,22.46131787371845,high,0.4174700050694291,0.17428120513266918
14.141414141414142,22.949494949494948,0.8689612346220141,23.81845618411696,high,0.868961234622013,0.7550936272758132
14.343434343434343,23.02020202020202,0.4841615827435794,23.5043636029456,high,0.4841615827435781,0.23441243820476665
14.545454545454545,23.09090909090909,-0.1424200197754694,22.948489071133622,high,0.14242001977546792,0.020283462032844674
14.747474747474747,23.16161616161616,0.5055657256748881,23.667181887291047,high,0.505565725674888,0.2555967029771761
14.94949494949495,23.232323232323232,1.0078041290869002,24.24012736141013,high,1.0078041290868995,1.0156691626046042
15.15151515151515,23.303030303030305,1.4329404107983912,24.735970713828696,high,1.4329404107983912,2.053318220899062
15.353535353535353,23.373737373737374,-1.2588610963521756,22.1148762773852,high,1.2588610963521738,1.584731259908997
15.555555555555555,23.444444444444443,0.7065054492980156,24.150949893742457,high,0.7065054492980138,0.49914994988778844
15.757575757575758,23.515151515151516,0.372054806810705,23.88720632196222,high,0.3720548068107057,0.13842477927095154
15.959595959595958,23.585858585858585,-0.07508862414907519,23.51076996170951,high,0.07508862414907469,0.005638301476601003
16.161616161616163,23.656565656565657,-0.8053319479816571,22.851233708584,high,0.8053319479816565,0.6485595464399295
16.363636363636363,23.727272727272727,1.0057508907785149,24.73302361805124,high,1.0057508907785149,1.0115348543017761
16.565656565656564,23.797979797979796,-1.0093903947556564,22.78858940322414,high,1.0093903947556555,1.0188689690249781
16.767676767676768,23.86868686868687,0.45355637258779913,24.322243241274666,high,0.4535563725877978,0.20571338311500126
16.96969696969697,23.939393939393938,1.0414943969621517,24.980888336356088,high,1.0414943969621504,1.0847105789035534
17.171717171717173,24.01010101010101,-1.2797354304411837,22.730365579659825,high,1.2797354304411854,1.6377227719264862
17.373737373737374,24.08080808080808,-0.24201427238660989,23.83879380842147,high,0.24201427238660855,0.05857090803881956
17.575757575757574,24.15151515151515,-1.0473734540130395,23.104141697502108,high,1.0473734540130408,1.0969911521712072
17.77777777777778,24.22222222222222,0.19524328642872046,24.417465508650942,high,0.19524328642872035,0.038119940895487335
17.97979797979798,24.292929292929294,1.2115001045397238,25.504429397469018,high,1.2115001045397236,1.4677325032997612
18.18181818181818,24.363636363636363,1.6188448233377581,25.98248118697412,high,1.6188448233377564,2.6206585620474514
18.383838383838384,24.434343434343432,-1.4224915543068122,23.01185188003662,high,1.4224915543068128,2.0234822220742124
18.585858585858585,24.505050505050505,-0.45995920457684814,24.045091300473658,high,0.45995920457684747,0.2115624698749662
18.78787878787879,24.575757575757578,0.5628360746647292,25.138593650422308,high,0.5628360746647303,0.3167844469440019
18.98989898989899,24.646464646464647,1.2634981216745773,25.909962768139223,high,1.2634981216745764,1.5964275034751827
19.19191919191919,24.717171717171716,0.33696851542263806,25.054140232594353,high,0.3369685154226367,0.11354778038613576
19.393939393939394,24.78787878787879,-0.5969215980725675,24.19095718980622,high,0.5969215980725693,0.35631539424550995
19.595959595959595,24.858585858585858,0.23770520770995082,25.09629106629581,high,0.23770520770995063,0.05650376577243077
19.7979797979798,24.929292929292927,-0.0132953607846666,24.91599756850826,high,0.01329536078466731,0.00017676661839446933
20.0,25.0,-0.16299257791053554,24.837007422089464,high,0.16299257791053634,0.02656658045392226
